instance_id,music_genre
48564,Hip-Hop
72394,Alternative
88081,Rap
78331,Anime
72636,Anime
74228,Rap
39106,Rap
78829,Alternative
91469,Alternative
54558,Jazz
44055,Jazz
29671,Jazz
56323,Rock
54809,Electronic
55369,Hip-Hop
68566,Country
53565,Rap
69565,Hip-Hop
39014,Rock
28452,Country
40219,Country
41832,Classical
50963,Classical
58058,Anime
41339,Rock
25263,Country
30932,Blues
65113,Alternative
43628,Rap
82352,Anime
25868,Classical
57582,Rap
64912,Alternative
30690,Rap
58160,Anime
48352,Country
32598,Anime
81733,Anime
68478,Rap
61070,Jazz
87062,Classical
50604,Jazz
51443,Blues
79739,Alternative
52375,Hip-Hop
43645,Alternative
51950,Electronic
62180,Rap
91491,Alternative
57217,Rock
30912,Jazz
37289,Blues
58378,Hip-Hop
83848,Rock
88071,Rap
78696,Country
73721,Hip-Hop
21431,Jazz
33066,Classical
71571,Hip-Hop
54360,Electronic
61237,Hip-Hop
43763,Alternative
53222,Hip-Hop
24144,Electronic
35526,Rap
79272,Blues
28682,Anime
78220,Rap
42113,Hip-Hop
29197,Rap
73749,Rap
76959,Blues
32662,Country
28240,Alternative
78684,Electronic
23339,Hip-Hop
66580,Hip-Hop
62293,Electronic
73224,Anime
63436,Jazz
85265,Hip-Hop
49131,Country
42894,Rap
32778,Electronic
88626,Hip-Hop
20474,Rock
57621,Rap
68702,Jazz
68429,Anime
48412,Jazz
31462,Electronic
20258,Rap
80048,Hip-Hop
36643,Blues
51269,Alternative
36620,Classical
47393,Blues
34229,Blues
27054,Jazz
74946,Jazz
79753,Alternative
78997,Classical
90739,Blues
34604,Classical
48875,Hip-Hop
72374,Electronic
84383,Hip-Hop
82285,Country
49168,Hip-Hop
35219,Alternative
72531,Blues
37626,Electronic
74540,Electronic
22782,Alternative
59663,Alternative
65605,Alternative
63227,Rap
27942,Rap
61120,Rap
59041,Blues
67531,Hip-Hop
89417,Rap
51652,Classical
23769,Alternative
88512,Country
69103,Electronic
25734,Alternative
35192,Hip-Hop
77761,Rock
58002,Electronic
27331,Rock
90879,Country
66951,Hip-Hop
21111,Electronic
36583,Anime
69430,Rock
26846,Electronic
54227,Hip-Hop
79612,Classical
36250,Rap
71243,Anime
41033,Jazz
58600,Classical
64358,Hip-Hop
55882,Rap
67981,Blues
78157,Alternative
39280,Alternative
65167,Alternative
50033,Anime
34067,Electronic
71541,Country
58044,Anime
67611,Country
88524,Jazz
50007,Anime
36733,Jazz
55966,Rock
29854,Electronic
47533,Classical
84957,Rock
27733,Country
88890,Country
71105,Classical
87402,Rock
81300,Rap
25948,Rap
30686,Classical
27597,Blues
46658,Alternative
33241,Jazz
34855,Alternative
39290,Rap
61297,Electronic
79393,Country
85447,Blues
24779,Blues
21888,Alternative
22450,Electronic
21637,Hip-Hop
76444,Rap
34627,Electronic
30361,Alternative
22862,Alternative
55635,Rock
39392,Jazz
21530,Country
53803,Classical
79904,Anime
79589,Alternative
38281,Classical
26187,Rock
65289,Blues
38631,Anime
34026,Rock
81881,Country
25877,Country
79755,Rap
67894,Hip-Hop
50248,Classical
32074,Classical
41890,Electronic
36233,Country
63019,Rock
31135,Blues
91653,Rap
67493,Rap
45720,Alternative
78113,Anime
66990,Rap
33226,Blues
43840,Classical
66599,Rap
37709,Blues
89646,Rap
41952,Jazz
90953,Country
26762,Alternative
62414,Blues
54492,Electronic
22070,Blues
34735,Electronic
37276,Rock
91709,Classical
79337,Country
32555,Country
28310,Electronic
60154,Blues
89947,Electronic
67061,Jazz
82280,Rock
67551,Anime
49912,Blues
44285,Country
62759,Rap
26763,Anime
88251,Anime
21144,Rap
39166,Country
58756,Country
74087,Blues
58075,Jazz
49533,Hip-Hop
79989,Blues
58425,Country
62607,Jazz
85075,Alternative
56756,Anime
28898,Blues
42118,Jazz
55409,Classical
31714,Classical
41361,Jazz
30503,Anime
45222,Country
68913,Country
74995,Jazz
47775,Alternative
37384,Rock
49180,Anime
28678,Hip-Hop
42464,Rock
79508,Anime
62403,Hip-Hop
40756,Hip-Hop
85665,Classical
79277,Anime
23449,Hip-Hop
82350,Electronic
61130,Electronic
55562,Classical
78807,Electronic
67592,Hip-Hop
58204,Rap
42874,Hip-Hop
76341,Jazz
47432,Alternative
22904,Anime
42683,Classical
72925,Anime
25202,Rap
23994,Alternative
41096,Classical
53503,Jazz
83671,Electronic
59711,Blues
61562,Hip-Hop
67914,Rap
50650,Alternative
32141,Rock
50317,Country
51665,Rock
70042,Rock
27911,Hip-Hop
40311,Country
49904,Electronic
47588,Rap
44657,Rap
23053,Alternative
42143,Electronic
77852,Alternative
58240,Anime
67419,Alternative
75524,Electronic
29774,Rock
60161,Electronic
45935,Blues
50100,Anime
27735,Jazz
22155,Jazz
28074,Blues
70652,Alternative
73891,Jazz
67578,Rock
48379,Classical
53364,Jazz
46115,Country
80693,Anime
86176,Blues
69079,Blues
29436,Classical
55813,Country
78708,Anime
81049,Rap
36822,Alternative
22274,Rock
41472,Rock
69744,Rock
85910,Hip-Hop
79522,Alternative
86953,Hip-Hop
65953,Rap
70639,Jazz
79193,Classical
35294,Hip-Hop
77931,Electronic
63066,Blues
68106,Hip-Hop
85652,Alternative
68770,Country
75085,Blues
80369,Rap
79286,Blues
63102,Blues
86706,Rock
49496,Rap
43631,Country
28056,Hip-Hop
37736,Rock
60812,Anime
23204,Alternative
54161,Classical
30121,Anime
66816,Hip-Hop
82621,Rap
28760,Jazz
85574,Blues
27085,Blues
58429,Alternative
39227,Classical
75952,Anime
83656,Electronic
58626,Rap
76948,Country
40834,Alternative
66252,Alternative
59319,Rap
62342,Electronic
32156,Electronic
35817,Blues
77770,Anime
25530,Country
67138,Rap
74197,Alternative
28720,Rock
34223,Alternative
59705,Anime
26142,Hip-Hop
46526,Alternative
23005,Anime
59474,Jazz
45707,Jazz
27027,Hip-Hop
57553,Classical
90987,Electronic
41262,Country
78385,Country
30750,Anime
65283,Blues
45981,Blues
65943,Rock
22917,Electronic
81906,Country
47576,Alternative
83134,Rap
77843,Electronic
30061,Anime
85448,Blues
58815,Anime
39610,Country
28228,Rock
20724,Blues
39201,Electronic
77056,Classical
52020,Hip-Hop
22943,Electronic
87928,Rock
91571,Anime
35921,Alternative
86157,Rock
61361,Electronic
61824,Rock
91068,Classical
26519,Rap
54567,Hip-Hop
84864,Rock
86854,Jazz
28672,Blues
89590,Jazz
40950,Jazz
84346,Rap
88444,Blues
84165,Rap
54821,Country
49692,Electronic
46715,Rock
52010,Anime
82981,Rock
25725,Alternative
30019,Hip-Hop
35896,Rap
79523,Hip-Hop
86615,Hip-Hop
22846,Classical
69121,Electronic
87501,Jazz
60441,Anime
59679,Anime
73116,Electronic
79128,Rap
77924,Rap
50103,Blues
32687,Classical
36166,Alternative
23042,Rap
86267,Electronic
86002,Country
54217,Classical
32061,Anime
90641,Electronic
25215,Country
76746,Jazz
55403,Electronic
53545,Classical
28508,Hip-Hop
34635,Electronic
83181,Electronic
40431,Jazz
53432,Country
72380,Rock
91547,Classical
21329,Classical
48834,Country
60260,Jazz
62596,Alternative
88414,Electronic
27670,Classical
20184,Hip-Hop
74754,Hip-Hop
51779,Country
44229,Alternative
38429,Classical
52175,Rock
74508,Anime
38226,Rap
88033,Rap
46508,Hip-Hop
28366,Blues
43879,Anime
76786,Electronic
79751,Electronic
68264,Anime
35263,Classical
27380,Rap
43617,Anime
66753,Anime
81392,Electronic
87466,Electronic
43503,Rap
64420,Alternative
79663,Rock
69705,Electronic
23454,Anime
89415,Classical
85299,Anime
52464,Jazz
87262,Electronic
82220,Electronic
53978,Classical
26077,Anime
34361,Classical
79197,Anime
44679,Blues
87060,Blues
69407,Classical
24344,Rap
32903,Anime
81260,Jazz
87783,Country
59070,Electronic
84713,Anime
39540,Rap
87881,Rap
62139,Rap
34809,Electronic
25628,Hip-Hop
45163,Country
30628,Rap
88973,Jazz
79958,Hip-Hop
39602,Rock
67145,Country
31157,Jazz
89361,Rock
38655,Anime
30081,Rap
85900,Hip-Hop
73908,Rap
40349,Hip-Hop
54879,Alternative
67338,Electronic
37894,Hip-Hop
83715,Country
27123,Electronic
91289,Hip-Hop
53547,Classical
78358,Alternative
73070,Anime
85231,Hip-Hop
57054,Jazz
26421,Jazz
84532,Rock
65393,Rap
27409,Electronic
54312,Electronic
74195,Hip-Hop
48112,Jazz
48227,Hip-Hop
67568,Hip-Hop
38819,Rock
29974,Classical
75851,Classical
38200,Electronic
34119,Classical
47538,Rock
50199,Rap
27378,Electronic
54292,Rap
25808,Country
64587,Electronic
75010,Hip-Hop
87791,Country
85250,Anime
62104,Anime
57713,Alternative
79767,Anime
57625,Blues
21071,Rock
54208,Hip-Hop
22607,Electronic
28279,Hip-Hop
33901,Rap
35304,Jazz
73033,Alternative
43728,Hip-Hop
38952,Anime
35753,Anime
87301,Alternative
68674,Rap
89545,Rock
84037,Electronic
40629,Rock
66762,Rock
38489,Jazz
50798,Rock
59440,Classical
65178,Country
89685,Country
75272,Rap
86956,Electronic
54030,Rap
82915,Country
52094,Rock
51792,Jazz
28284,Anime
20113,Rap
87653,Country
35743,Jazz
26678,Blues
73596,Alternative
51560,Alternative
56709,Classical
24928,Blues
53403,Electronic
22619,Classical
53744,Alternative
54616,Anime
61554,Hip-Hop
69985,Electronic
77452,Jazz
23419,Alternative
33908,Hip-Hop
28964,Rap
76506,Jazz
33456,Rock
24191,Hip-Hop
71957,Rock
60030,Blues
67030,Classical
48507,Country
70915,Hip-Hop
46551,Country
89424,Blues
44108,Country
75115,Country
22398,Rock
80442,Blues
28649,Electronic
44755,Electronic
40871,Electronic
81727,Alternative
90895,Anime
80298,Alternative
36834,Blues
64081,Blues
42371,Electronic
30453,Classical
36618,Alternative
61161,Electronic
69958,Anime
77541,Jazz
39478,Classical
53182,Electronic
91376,Alternative
74527,Blues
37367,Blues
85484,Jazz
78633,Classical
48596,Jazz
74826,Jazz
80998,Anime
53417,Anime
57049,Jazz
33615,Classical
80751,Electronic
61234,Alternative
62521,Blues
23508,Jazz
87143,Anime
77220,Classical
78207,Alternative
39623,Hip-Hop
39015,Hip-Hop
67572,Blues
82669,Country
46911,Hip-Hop
76013,Blues
80753,Anime
48074,Hip-Hop
64825,Rock
63874,Jazz
57271,Jazz
51202,Hip-Hop
67118,Alternative
83814,Blues
39573,Jazz
84886,Hip-Hop
86847,Hip-Hop
82518,Classical
42067,Hip-Hop
48139,Blues
56337,Rap
88537,Rock
59730,Rap
32174,Jazz
73134,Electronic
44579,Jazz
31042,Alternative
73932,Country
88390,Rock
83099,Electronic
84090,Hip-Hop
78602,Classical
49931,Anime
35740,Anime
54430,Rock
36997,Hip-Hop
46176,Rap
59673,Blues
79201,Electronic
83689,Anime
84282,Rap
77132,Jazz
66739,Classical
88734,Country
83245,Anime
25710,Jazz
39970,Rap
76018,Hip-Hop
44135,Alternative
70179,Country
83697,Rap
36561,Rap
84578,Rock
70828,Blues
83492,Electronic
27262,Hip-Hop
51203,Country
58158,Anime
61086,Classical
67100,Jazz
25075,Hip-Hop
88257,Classical
51359,Rap
39806,Electronic
83290,Anime
71123,Rock
75263,Alternative
21285,Country
39144,Blues
81556,Alternative
75841,Classical
72512,Blues
70076,Blues
20475,Jazz
60876,Country
66334,Anime
46536,Electronic
21821,Electronic
66861,Jazz
59942,Country
61748,Classical
30388,Alternative
38184,Rap
47767,Hip-Hop
33039,Blues
85876,Classical
49775,Rock
33221,Classical
20810,Jazz
36524,Electronic
79824,Blues
28907,Anime
36410,Electronic
85580,Country
62021,Classical
35234,Blues
41738,Rock
30543,Hip-Hop
32989,Rock
28163,Country
33828,Rap
67600,Alternative
61671,Country
44146,Anime
63726,Rock
84088,Rock
28335,Classical
88531,Blues
22198,Classical
38212,Anime
66928,Blues
85196,Jazz
27991,Blues
90666,Rock
31945,Alternative
86909,Anime
69376,Blues
63721,Anime
47711,Electronic
26007,Blues
50041,Anime
23664,Anime
84668,Alternative
59235,Rock
82927,Electronic
56602,Hip-Hop
51534,Anime
29908,Alternative
62571,Rock
38427,Blues
49885,Blues
68035,Hip-Hop
47258,Rock
32688,Electronic
69783,Rock
58518,Alternative
25785,Blues
40674,Alternative
74474,Rock
60437,Classical
23622,Hip-Hop
45052,Blues
70889,Electronic
75764,Blues
46132,Hip-Hop
44894,Rap
67077,Rap
26779,Blues
90219,Electronic
91167,Hip-Hop
54884,Country
64678,Hip-Hop
72419,Country
83764,Country
28186,Rock
44624,Classical
60777,Hip-Hop
43148,Rock
52203,Alternative
46274,Rock
80212,Blues
27001,Alternative
34554,Alternative
89072,Hip-Hop
44487,Alternative
82282,Rap
54254,Country
82299,Alternative
84743,Electronic
54079,Rock
60209,Country
33289,Rap
85846,Country
37991,Jazz
72003,Blues
62836,Country
25381,Electronic
61659,Rap
71642,Country
80286,Jazz
30541,Rap
31155,Hip-Hop
46418,Rock
82955,Jazz
70585,Alternative
88180,Hip-Hop
62783,Classical
50771,Jazz
21105,Anime
84877,Country
78148,Blues
67139,Alternative
56479,Anime
90177,Anime
63384,Jazz
23928,Classical
60749,Alternative
68536,Alternative
79598,Country
25252,Anime
60822,Classical
77505,Jazz
22240,Country
49113,Jazz
41580,Hip-Hop
61907,Jazz
32568,Blues
39605,Country
64719,Alternative
23473,Classical
20307,Classical
56738,Classical
35991,Classical
73523,Jazz
37642,Rap
81112,Rock
32712,Blues
54062,Rap
73419,Anime
22248,Alternative
55308,Blues
45343,Electronic
29305,Jazz
73902,Alternative
51267,Hip-Hop
25157,Electronic
36521,Jazz
67241,Country
37570,Jazz
22494,Country
86486,Blues
39626,Alternative
90012,Jazz
82025,Country
63481,Classical
42187,Rap
47892,Anime
83995,Rap
68152,Rap
47899,Electronic
54923,Classical
27286,Country
43508,Classical
43609,Blues
37814,Electronic
82006,Classical
37701,Blues
53248,Anime
88692,Rock
50223,Anime
50528,Rock
39604,Country
63225,Country
89175,Classical
46776,Classical
44480,Electronic
47890,Alternative
59958,Rock
71497,Anime
81884,Hip-Hop
25192,Classical
47627,Hip-Hop
39869,Rock
27854,Classical
87753,Blues
72961,Country
44528,Blues
40270,Classical
75334,Country
82276,Electronic
52182,Alternative
53685,Alternative
88872,Anime
57298,Jazz
70416,Alternative
63095,Classical
37324,Electronic
65017,Jazz
36441,Rap
75545,Jazz
26520,Rap
30517,Anime
90819,Classical
56008,Classical
46832,Classical
57028,Hip-Hop
27156,Electronic
62455,Electronic
55149,Classical
22170,Anime
68329,Anime
22554,Country
74505,Classical
46114,Alternative
81510,Country
43169,Anime
69755,Electronic
24200,Electronic
33600,Blues
55719,Blues
64201,Alternative
24202,Jazz
33488,Hip-Hop
46652,Blues
32250,Alternative
27917,Alternative
73828,Alternative
34363,Anime
46939,Anime
78931,Rock
23749,Classical
53574,Classical
55328,Anime
87246,Classical
31058,Hip-Hop
80721,Anime
42908,Electronic
25612,Alternative
22781,Rock
34175,Country
26434,Alternative
90160,Hip-Hop
65631,Electronic
85393,Classical
52736,Hip-Hop
87139,Blues
40831,Alternative
28938,Electronic
86484,Jazz
71536,Hip-Hop
87650,Alternative
74169,Blues
87417,Rap
58181,Hip-Hop
75896,Classical
83022,Rock
34209,Blues
74159,Electronic
33612,Electronic
68424,Anime
75224,Rock
49084,Anime
45005,Hip-Hop
26427,Jazz
39702,Electronic
45739,Blues
38698,Blues
36109,Anime
84104,Anime
74096,Classical
33130,Electronic
57815,Country
79081,Hip-Hop
43010,Electronic
74107,Rap
33331,Jazz
86104,Hip-Hop
20012,Jazz
87531,Classical
52242,Rock
45150,Blues
34334,Jazz
51250,Electronic
51276,Rap
70498,Country
88987,Jazz
66713,Rock
69517,Country
84021,Jazz
49799,Electronic
22006,Rap
87612,Classical
63177,Rap
26673,Classical
31830,Electronic
61556,Anime
42500,Hip-Hop
59584,Blues
22334,Hip-Hop
47182,Electronic
85252,Blues
32028,Classical
69980,Anime
39937,Country
74062,Blues
70923,Blues
73539,Country
67129,Blues
60571,Country
46242,Classical
91648,Electronic
28401,Country
62330,Rock
60498,Classical
85106,Rock
25234,Anime
68305,Rap
90043,Jazz
86790,Classical
90184,Classical
80511,Blues
79134,Classical
41645,Rap
58428,Blues
63966,Classical
86312,Blues
91144,Classical
60788,Rap
88837,Electronic
28081,Classical
77370,Jazz
68731,Rock
25926,Classical
42355,Rock
56055,Country
73476,Alternative
20833,Jazz
89357,Hip-Hop
89341,Rap
70183,Classical
36052,Alternative
61683,Rap
78218,Blues
77796,Rock
83620,Blues
34352,Classical
23649,Anime
28960,Country
50688,Country
39564,Electronic
78713,Country
52610,Blues
75891,Classical
85932,Blues
23968,Rock
59522,Anime
70467,Alternative
85663,Alternative
88921,Anime
36991,Blues
78594,Blues
31794,Classical
48500,Rap
61995,Country
83252,Rock
88471,Country
53035,Alternative
24075,Jazz
59115,Classical
39593,Anime
69884,Country
57179,Classical
24444,Anime
44582,Jazz
31641,Rap
20089,Classical
73942,Rap
48014,Rap
78231,Blues
27833,Anime
52213,Hip-Hop
77273,Electronic
27315,Country
87220,Classical
45858,Hip-Hop
36062,Classical
90700,Jazz
42993,Blues
70517,Classical
51375,Anime
49585,Rock
25399,Rap
86456,Anime
60340,Anime
23077,Rock
91043,Blues
26761,Hip-Hop
35454,Anime
45214,Hip-Hop
44686,Rock
21559,Rock
88556,Country
31223,Electronic
82000,Blues
45271,Jazz
37980,Electronic
42445,Country
39078,Rap
77133,Blues
55873,Classical
37061,Classical
69588,Alternative
51445,Hip-Hop
84941,Rap
76352,Jazz
65009,Classical
84111,Anime
32725,Alternative
27138,Alternative
59133,Jazz
60238,Alternative
27294,Jazz
36686,Country
27011,Alternative
77838,Electronic
82126,Rock
82655,Electronic
50749,Jazz
70428,Blues
34710,Classical
76120,Blues
68679,Rap
51605,Rap
46410,Blues
43547,Rap
80709,Hip-Hop
69711,Hip-Hop
43177,Rock
55488,Rock
71185,Blues
44391,Electronic
48201,Classical
55364,Alternative
83340,Country
32746,Anime
27811,Alternative
43746,Blues
53594,Country
57945,Hip-Hop
45598,Hip-Hop
24678,Alternative
75863,Country
90662,Blues
20293,Rap
58664,Hip-Hop
91562,Rock
35993,Jazz
52846,Rap
67585,Alternative
53600,Classical
84770,Jazz
65387,Hip-Hop
54970,Anime
75651,Rap
52541,Classical
70020,Jazz
71932,Rock
68393,Classical
42738,Anime
63970,Rap
84582,Electronic
53269,Country
40371,Alternative
26213,Country
51394,Classical
39889,Electronic
58811,Blues
56696,Alternative
67817,Alternative
44562,Anime
61463,Rock
62339,Jazz
66487,Electronic
64087,Electronic
22515,Blues
61909,Anime
90415,Classical
60814,Blues
22877,Country
26870,Rap
48662,Alternative
60357,Hip-Hop
63050,Rap
61232,Alternative
51782,Classical
63890,Country
36296,Alternative
67990,Alternative
68906,Alternative
69455,Classical
67875,Blues
71487,Rap
33186,Country
54323,Electronic
42456,Blues
69741,Country
41914,Rap
35208,Jazz
69878,Jazz
65984,Country
80482,Rock
21353,Electronic
83945,Electronic
36879,Blues
63741,Rock
74739,Anime
30089,Electronic
21957,Rock
34489,Alternative
79898,Classical
79232,Blues
66939,Anime
66425,Electronic
90367,Blues
72693,Classical
23392,Hip-Hop
32818,Country
62881,Country
58433,Blues
51099,Electronic
31412,Electronic
68549,Classical
68580,Jazz
56471,Classical
66734,Rap
49265,Country
22571,Blues
75548,Anime
53582,Jazz
67535,Classical
43440,Rap
63993,Anime
70005,Electronic
32953,Rock
40379,Jazz
28507,Rock
29736,Blues
45621,Rap
84202,Anime
69826,Rock
90566,Jazz
79392,Alternative
77764,Rock
52823,Country
89185,Blues
26602,Anime
34441,Classical
59375,Rock
56834,Classical
21941,Hip-Hop
38478,Jazz
30684,Rock
56890,Anime
28622,Electronic
59231,Country
68965,Anime
86519,Blues
82322,Rap
37539,Country
21337,Country
64384,Jazz
44600,Rock
78544,Blues
90563,Rock
74481,Jazz
54518,Electronic
81496,Jazz
43788,Jazz
82140,Blues
50866,Blues
87697,Rock
81322,Electronic
71606,Jazz
74187,Hip-Hop
46749,Country
61172,Hip-Hop
67379,Rap
43708,Anime
31697,Country
48753,Alternative
86247,Alternative
39321,Anime
81303,Electronic
31700,Blues
39283,Jazz
86223,Jazz
36986,Rock
69730,Rap
31511,Hip-Hop
21320,Rock
24362,Hip-Hop
81325,Rock
54702,Electronic
25164,Alternative
29295,Rap
28821,Country
23465,Rap
28266,Electronic
63607,Classical
43957,Anime
45417,Anime
24786,Jazz
29231,Hip-Hop
28399,Alternative
51688,Rap
63677,Classical
60857,Classical
46581,Jazz
90000,Rock
90721,Jazz
42199,Country
47069,Anime
37286,Alternative
48423,Blues
69748,Alternative
64209,Rock
78921,Alternative
53020,Anime
20954,Hip-Hop
51820,Rock
64456,Jazz
73654,Jazz
37470,Rap
36747,Jazz
59316,Blues
57868,Rock
26108,Blues
90610,Blues
37401,Electronic
42836,Hip-Hop
60187,Rock
76962,Rap
21987,Electronic
25590,Classical
54053,Hip-Hop
91202,Alternative
21776,Electronic
52271,Classical
80021,Rock
39210,Rock
49684,Anime
72272,Jazz
46932,Hip-Hop
63821,Country
67295,Anime
38117,Rock
65658,Alternative
77890,Hip-Hop
46643,Electronic
50459,Rap
27444,Rap
30281,Classical
68231,Classical
41288,Country
41813,Country
27726,Anime
75946,Rap
37037,Jazz
54477,Hip-Hop
50421,Country
59966,Electronic
60539,Country
39569,Blues
74179,Country
64859,Rap
37359,Country
83532,Rap
67472,Jazz
20971,Rock
35602,Classical
35064,Jazz
67376,Anime
28369,Rap
91357,Rap
89310,Rap
42726,Classical
44658,Rap
62922,Anime
90371,Alternative
67102,Classical
69093,Rap
81680,Alternative
59531,Country
89899,Jazz
71280,Hip-Hop
62992,Rock
91365,Jazz
72376,Electronic
72735,Alternative
44626,Rock
65158,Jazz
54058,Rock
52768,Hip-Hop
75154,Classical
43079,Rock
54014,Alternative
33317,Rock
90612,Electronic
39582,Classical
80146,Anime
47524,Jazz
47873,Jazz
89300,Classical
89750,Rock
52408,Blues
46562,Alternative
68530,Anime
72018,Rap
76114,Country
43717,Jazz
77758,Hip-Hop
87126,Rock
45711,Alternative
21913,Jazz
60284,Blues
58456,Rock
76953,Hip-Hop
88097,Alternative
39038,Alternative
75244,Rock
84231,Electronic
28462,Classical
49911,Hip-Hop
75113,Hip-Hop
56495,Jazz
47770,Blues
85033,Classical
76250,Rock
70831,Alternative
65544,Blues
61329,Rock
43484,Jazz
39269,Rap
33631,Rap
48703,Rap
37802,Alternative
38253,Jazz
37849,Electronic
65720,Alternative
48828,Electronic
62073,Classical
34598,Alternative
34309,Country
39308,Electronic
70837,Rock
34894,Alternative
87581,Anime
80606,Anime
37122,Electronic
24022,Hip-Hop
89837,Anime
54084,Electronic
45147,Country
20360,Jazz
53780,Rock
60150,Country
37065,Rap
20465,Jazz
60222,Jazz
24232,Rap
69493,Blues
50507,Anime
21340,Classical
57482,Rap
77737,Hip-Hop
22582,Blues
32651,Classical
36782,Rock
44475,Classical
39313,Electronic
75119,Blues
45293,Rap
63054,Rock
26344,Jazz
35823,Country
59101,Country
26985,Rock
44996,Electronic
74360,Electronic
49080,Rock
62952,Country
35107,Anime
89338,Hip-Hop
76637,Classical
59367,Rock
22683,Electronic
63772,Jazz
77616,Blues
85197,Rock
81252,Alternative
46633,Rap
91354,Anime
34952,Classical
51615,Rap
25525,Classical
47649,Alternative
56748,Jazz
83690,Hip-Hop
31060,Alternative
81822,Jazz
65735,Country
52692,Blues
20884,Electronic
90068,Country
47129,Hip-Hop
34669,Hip-Hop
21548,Classical
71953,Alternative
44816,Rap
23924,Electronic
89358,Classical
43198,Blues
39563,Electronic
49136,Classical
35228,Classical
51376,Alternative
35377,Anime
30876,Classical
83732,Blues
43852,Electronic
44195,Country
73276,Jazz
25204,Hip-Hop
56229,Electronic
59023,Jazz
38786,Electronic
76358,Hip-Hop
47725,Classical
24256,Blues
50014,Rock
46563,Jazz
85858,Alternative
74524,Alternative
74767,Country
31011,Country
34767,Alternative
42385,Country
52222,Classical
25067,Anime
31184,Jazz
46433,Country
49888,Alternative
72951,Alternative
39957,Anime
34259,Anime
76364,Rock
80861,Country
37808,Country
77717,Rap
47064,Alternative
90586,Hip-Hop
73045,Country
63709,Blues
57809,Electronic
64673,Electronic
23211,Blues
46582,Anime
29112,Rock
71956,Anime
33176,Alternative
27864,Classical
86681,Electronic
43449,Alternative
34772,Country
51757,Alternative
30910,Rock
66814,Hip-Hop
21720,Country
39542,Jazz
83059,Hip-Hop
80772,Rock
21700,Blues
52270,Anime
56997,Country
62782,Electronic
79629,Hip-Hop
78345,Jazz
49627,Alternative
20383,Electronic
44918,Electronic
31519,Blues
50227,Rock
65171,Classical
57200,Rap
23736,Electronic
58542,Anime
57997,Anime
72280,Electronic
79493,Hip-Hop
55552,Jazz
83810,Rap
70337,Country
40368,Blues
71438,Alternative
42328,Country
59613,Electronic
55561,Jazz
89733,Classical
71254,Hip-Hop
65228,Rap
70675,Country
72633,Hip-Hop
54228,Alternative
27418,Jazz
73139,Jazz
71475,Blues
68288,Hip-Hop
40354,Jazz
43671,Electronic
87226,Rock
40617,Country
30969,Blues
58891,Blues
57246,Rap
84355,Jazz
78490,Jazz
46866,Alternative
64700,Blues
48630,Jazz
28028,Electronic
81849,Rock
55223,Jazz
23950,Rock
91310,Anime
64499,Rap
68413,Hip-Hop
28528,Electronic
31008,Jazz
85674,Rock
40630,Alternative
25401,Rock
49666,Hip-Hop
49291,Electronic
66277,Rock
89779,Country
20040,Rock
76744,Anime
80590,Country
68027,Country
30573,Blues
30014,Country
46225,Electronic
57168,Anime
28191,Rock
39845,Rap
31747,Country
79879,Rock
48775,Anime
34267,Electronic
37650,Alternative
75227,Anime
43188,Rap
76010,Alternative
25670,Anime
39137,Rap
78156,Alternative
45953,Rap
29543,Rock
74482,Rap
22392,Blues
25804,Jazz
47464,Country
29089,Jazz
88310,Classical
61446,Electronic
73368,Hip-Hop
86252,Electronic
83700,Jazz
65036,Jazz
71722,Rock
47861,Hip-Hop
64156,Classical
67741,Anime
22149,Alternative
82374,Anime
38127,Electronic
78873,Hip-Hop
74151,Country
69342,Country
85438,Country
84246,Country
21037,Rap
88397,Jazz
21876,Jazz
86766,Blues
63480,Anime
58807,Country
70541,Rap
42673,Hip-Hop
44685,Alternative
88581,Rock
65088,Anime
20267,Electronic
62067,Anime
68121,Rap
34387,Rap
46272,Alternative
72149,Country
55904,Country
86710,Rap
69485,Alternative
56993,Classical
36283,Rap
52357,Blues
37101,Jazz
38706,Country
39180,Rock
70250,Anime
77272,Classical
84457,Alternative
84793,Jazz
64494,Alternative
36468,Jazz
33055,Country
85625,Electronic
75033,Anime
30549,Rock
23092,Electronic
33885,Blues
22929,Electronic
65842,Alternative
62094,Jazz
79213,Anime
87496,Jazz
66881,Blues
43655,Rap
75219,Anime
86007,Alternative
89204,Anime
24317,Classical
91162,Classical
77488,Classical
49016,Electronic
46628,Alternative
66629,Hip-Hop
22974,Electronic
37543,Jazz
22097,Blues
24123,Electronic
23432,Rap
55218,Rap
43637,Electronic
73369,Rap
72828,Hip-Hop
39764,Anime
86143,Hip-Hop
52911,Anime
36349,Classical
28590,Country
36546,Anime
38080,Country
61479,Hip-Hop
70667,Blues
84826,Anime
50808,Anime
51720,Country
24392,Rock
68320,Rap
72497,Electronic
22150,Alternative
21526,Alternative
70374,Electronic
28370,Alternative
90085,Country
47124,Rock
72471,Country
30785,Hip-Hop
23582,Anime
22719,Jazz
86992,Rap
35754,Country
77308,Jazz
35575,Anime
76768,Electronic
20395,Classical
31082,Jazz
90556,Country
31444,Hip-Hop
74543,Hip-Hop
62264,Alternative
41893,Classical
51643,Rap
54509,Rock
39678,Rock
40266,Hip-Hop
82326,Rap
58307,Electronic
43837,Classical
47659,Country
50893,Electronic
62337,Electronic
43364,Country
36837,Jazz
77343,Country
90511,Anime
83958,Rap
86083,Jazz
26747,Blues
22853,Country
65781,Hip-Hop
64393,Anime
89582,Jazz
47294,Jazz
90464,Jazz
32779,Blues
41788,Classical
67522,Country
57562,Anime
24961,Rock
45194,Electronic
44317,Hip-Hop
30018,Classical
29423,Country
61643,Hip-Hop
84829,Jazz
80355,Jazz
81489,Classical
39973,Country
78194,Classical
23701,Rock
28226,Blues
89928,Country
26335,Blues
91284,Rock
50221,Alternative
43923,Country
38209,Blues
70169,Classical
22285,Anime
76724,Anime
20453,Rap
53082,Blues
66558,Rap
68943,Rap
82199,Electronic
26018,Rock
56562,Alternative
74072,Anime
43073,Jazz
76614,Hip-Hop
54093,Blues
67728,Hip-Hop
89412,Alternative
44634,Rap
64907,Electronic
88673,Electronic
57745,Blues
89952,Anime
55750,Blues
43009,Country
71077,Electronic
27329,Anime
60563,Classical
73772,Rap
62166,Blues
88208,Country
48011,Rock
52100,Rap
74691,Jazz
27404,Hip-Hop
62652,Blues
81116,Anime
70107,Hip-Hop
59649,Blues
73443,Anime
30259,Hip-Hop
25207,Hip-Hop
62411,Blues
88202,Hip-Hop
69348,Rap
62065,Jazz
75125,Rock
69209,Hip-Hop
87068,Classical
49352,Anime
49380,Rap
77988,Anime
44070,Classical
58610,Jazz
50345,Alternative
49042,Alternative
68063,Classical
57796,Hip-Hop
28948,Blues
33931,Blues
74457,Anime
26473,Alternative
69015,Rap
36460,Electronic
24513,Jazz
30015,Country
21727,Alternative
85914,Alternative
30641,Electronic
69335,Hip-Hop
84974,Rap
48529,Anime
85844,Hip-Hop
66013,Electronic
59308,Jazz
91524,Hip-Hop
37281,Blues
57662,Alternative
54159,Rock
23704,Jazz
26195,Rock
71485,Anime
56476,Hip-Hop
34562,Alternative
28650,Alternative
57613,Classical
60633,Rap
34057,Anime
74808,Blues
23124,Jazz
34664,Blues
84763,Rock
40235,Jazz
37246,Blues
80625,Electronic
52760,Alternative
24743,Rock
86739,Classical
50128,Alternative
40472,Alternative
45924,Alternative
83208,Rock
55706,Country
36072,Blues
79899,Jazz
22577,Rap
72859,Hip-Hop
59165,Blues
62177,Rap
74803,Jazz
72387,Hip-Hop
87886,Rock
23288,Anime
74536,Rap
39219,Classical
22139,Alternative
81903,Rap
91317,Electronic
32570,Classical
33096,Classical
28818,Electronic
46843,Rap
91629,Country
49617,Hip-Hop
74346,Rock
49892,Blues
80285,Electronic
83680,Classical
51304,Classical
69621,Blues
61023,Electronic
83261,Rock
20786,Classical
83785,Jazz
50081,Hip-Hop
86043,Anime
24243,Anime
34953,Classical
28904,Rock
56573,Alternative
52216,Hip-Hop
75670,Blues
67175,Rap
56904,Classical
32981,Country
28147,Anime
31827,Alternative
44057,Classical
30401,Jazz
74393,Rock
91203,Hip-Hop
51571,Anime
36849,Electronic
29844,Classical
37652,Alternative
51111,Rock
46197,Country
36371,Rap
80292,Classical
30873,Country
63437,Alternative
66412,Rock
26766,Jazz
66857,Electronic
29282,Electronic
81589,Jazz
30853,Electronic
39426,Country
61571,Jazz
52956,Alternative
66869,Electronic
87838,Country
45300,Rock
45008,Anime
35950,Classical
23308,Alternative
83462,Rock
61955,Electronic
50539,Alternative
46380,Classical
54209,Jazz
83319,Country
62163,Alternative
42541,Blues
51489,Electronic
73303,Country
38354,Jazz
74723,Electronic
55699,Blues
45864,Anime
66012,Rock
65848,Electronic
36464,Rap
50348,Jazz
82744,Blues
53295,Country
30256,Blues
43938,Jazz
42228,Country
51695,Rock
51237,Jazz
80890,Country
46705,Rock
26666,Alternative
56568,Blues
50577,Jazz
76781,Hip-Hop
44571,Alternative
45526,Electronic
90033,Country
87413,Hip-Hop
27557,Jazz
65209,Rock
62315,Electronic
78016,Rock
84340,Classical
41323,Rock
54358,Blues
71288,Electronic
20117,Classical
46169,Alternative
83214,Classical
59581,Blues
38591,Classical
35987,Classical
41593,Jazz
80309,Jazz
55791,Hip-Hop
24376,Jazz
76148,Anime
41762,Country
53145,Anime
59523,Rock
70900,Anime
58592,Blues
38434,Anime
39635,Country
67033,Electronic
20375,Country
43615,Classical
62341,Rap
57724,Country
80635,Alternative
46026,Anime
41748,Jazz
90890,Jazz
66413,Electronic
84928,Rock
46145,Electronic
21156,Alternative
20581,Country
84199,Jazz
29208,Hip-Hop
79520,Anime
62441,Rock
42265,Alternative
70806,Rap
77848,Alternative
75648,Electronic
49026,Classical
35246,Classical
51470,Jazz
51681,Rock
44017,Anime
36688,Blues
76340,Country
60399,Blues
73616,Alternative
30693,Classical
90155,Alternative
26535,Rap
71278,Rock
68131,Country
20358,Alternative
53425,Alternative
81292,Jazz
64374,Electronic
48669,Alternative
53875,Classical
31975,Jazz
76423,Jazz
70598,Hip-Hop
47003,Jazz
73661,Rap
78936,Rock
89023,Rap
73275,Electronic
90867,Country
49520,Blues
47085,Rap
68814,Electronic
70478,Blues
21796,Jazz
70936,Jazz
44197,Electronic
65639,Rap
41293,Blues
83422,Country
81407,Rap
77036,Country
43946,Jazz
39797,Alternative
32828,Alternative
69698,Classical
44642,Jazz
67341,Electronic
37722,Classical
29313,Classical
78640,Country
23925,Blues
56770,Anime
35847,Country
82661,Rock
24484,Country
60768,Electronic
23945,Country
82092,Blues
72987,Classical
58452,Country
43732,Hip-Hop
71896,Rock
59488,Anime
23641,Electronic
29557,Rap
73387,Blues
43983,Country
37494,Rock
32415,Jazz
76374,Hip-Hop
30635,Alternative
84984,Rock
67927,Blues
65771,Country
57781,Anime
55735,Anime
37485,Rock
33891,Alternative
42131,Country
63313,Alternative
41638,Rock
24494,Electronic
22110,Hip-Hop
83048,Blues
57804,Alternative
25430,Blues
72183,Alternative
85161,Classical
88713,Rock
70599,Anime
54413,Rap
88277,Jazz
58344,Anime
57368,Classical
55674,Country
22501,Electronic
66647,Classical
79380,Rap
86361,Jazz
59091,Jazz
54445,Country
47781,Blues
36456,Blues
58560,Anime
63962,Electronic
55241,Classical
55908,Rock
51492,Hip-Hop
71051,Alternative
84781,Blues
61565,Jazz
27079,Country
75937,Jazz
91061,Rock
85725,Hip-Hop
27902,Blues
62328,Classical
28290,Blues
64195,Classical
58096,Electronic
50036,Jazz
88173,Classical
30100,Rap
25660,Blues
30728,Rock
85219,Jazz
47996,Rap
76138,Electronic
80692,Electronic
46064,Classical
37360,Classical
72084,Rock
23063,Rap
26362,Classical
72238,Rock
30498,Country
89345,Electronic
64559,Electronic
82289,Rock
33021,Jazz
48331,Blues
22569,Jazz
38918,Anime
91586,Rock
45022,Alternative
45170,Rap
35094,Blues
60622,Jazz
45122,Anime
27477,Classical
40609,Country
34573,Rock
21542,Jazz
39497,Country
44238,Alternative
26788,Rock
82086,Blues
21596,Hip-Hop
82014,Classical
66562,Rock
44534,Blues
85331,Anime
54162,Hip-Hop
39258,Country
72349,Rock
84880,Rock
82675,Country
53177,Anime
84961,Blues
29191,Alternative
70669,Anime
68175,Country
83196,Hip-Hop
25611,Electronic
67598,Blues
88181,Electronic
66032,Electronic
59802,Anime
49425,Country
37614,Blues
45731,Electronic
55390,Anime
21310,Country
53598,Country
52415,Alternative
65924,Anime
66293,Rap
64910,Rock
23263,Rap
85687,Rock
42151,Electronic
81969,Electronic
25287,Anime
72242,Jazz
41700,Electronic
78730,Rock
91221,Electronic
88869,Jazz
73183,Classical
36676,Blues
31302,Jazz
39835,Electronic
35639,Classical
77495,Rock
79779,Electronic
89140,Rap
60406,Hip-Hop
21464,Electronic
48138,Blues
48435,Jazz
32710,Rock
29714,Blues
66651,Blues
49014,Electronic
70591,Electronic
73819,Blues
90526,Anime
51256,Blues
28734,Rap
24727,Anime
55037,Anime
57988,Country
25422,Blues
65742,Hip-Hop
64978,Alternative
43250,Rap
41887,Classical
29494,Alternative
78887,Alternative
57611,Country
20886,Alternative
38232,Jazz
33088,Blues
30459,Classical
41509,Jazz
43494,Rap
45177,Rap
48013,Hip-Hop
79669,Rap
25755,Country
21472,Country
28890,Blues
74447,Country
25323,Blues
89616,Blues
37299,Jazz
53494,Classical
32827,Hip-Hop
69683,Blues
23872,Hip-Hop
63974,Rock
37695,Blues
85700,Alternative
50392,Country
74375,Blues
63939,Rap
76767,Jazz
45290,Blues
82757,Hip-Hop
65739,Alternative
51604,Jazz
87088,Rap
47913,Electronic
57467,Rap
66622,Jazz
39713,Hip-Hop
37813,Alternative
53952,Jazz
79253,Electronic
49583,Anime
52282,Classical
36158,Blues
68681,Electronic
26332,Jazz
20830,Electronic
64079,Jazz
54124,Classical
53888,Rock
87157,Electronic
81472,Electronic
20843,Blues
27253,Jazz
25553,Rap
80849,Country
86283,Jazz
86278,Anime
48804,Anime
56436,Alternative
43471,Anime
65177,Rock
38938,Anime
78310,Classical
49104,Electronic
69999,Country
74065,Rock
49880,Classical
87162,Classical
25961,Classical
49218,Rock
59664,Alternative
30416,Electronic
41979,Electronic
41751,Hip-Hop
53820,Anime
59182,Blues
30953,Hip-Hop
79506,Anime
79511,Electronic
74900,Hip-Hop
69817,Rock
81691,Electronic
55421,Rap
70401,Hip-Hop
76315,Country
52807,Rap
42690,Anime
33657,Rap
82047,Jazz
21497,Rock
21331,Country
86624,Blues
27929,Blues
46890,Classical
68000,Hip-Hop
77177,Electronic
53301,Electronic
67215,Hip-Hop
24448,Rock
46284,Anime
61653,Classical
85626,Anime
49890,Alternative
47558,Jazz
23188,Country
74188,Blues
58314,Rock
67904,Alternative
32300,Blues
43353,Hip-Hop
84798,Classical
32948,Anime
39487,Country
45697,Rap
77230,Alternative
70699,Blues
76142,Alternative
85868,Anime
66184,Rap
41189,Anime
88634,Rock
63137,Hip-Hop
46020,Jazz
23366,Electronic
52590,Hip-Hop
78053,Jazz
58885,Rap
26501,Anime
45476,Electronic
21228,Classical
43110,Rock
58168,Hip-Hop
87247,Anime
81042,Rock
91451,Country
90769,Electronic
67092,Rock
22707,Electronic
60027,Classical
59372,Rock
79614,Hip-Hop
42232,Hip-Hop
78566,Electronic
74323,Hip-Hop
35250,Alternative
26487,Rap
77439,Country
57556,Alternative
74918,Alternative
64763,Rock
20207,Alternative
67874,Alternative
32150,Hip-Hop
74865,Jazz
87609,Rock
75522,Electronic
32168,Anime
29840,Anime
86888,Rock
91604,Blues
56690,Alternative
45586,Anime
67339,Rap
72145,Electronic
62311,Jazz
67041,Classical
51227,Hip-Hop
68065,Anime
87058,Anime
33411,Country
33551,Rock
77419,Country
79402,Hip-Hop
74033,Jazz
89481,Blues
31686,Country
23381,Alternative
28307,Classical
83362,Alternative
26896,Jazz
76758,Rap
21770,Rap
86294,Classical
79063,Blues
37272,Hip-Hop
47235,Country
23517,Rock
51149,Blues
41458,Blues
30552,Alternative
91116,Jazz
38405,Blues
33893,Anime
72566,Jazz
25542,Rap
41098,Jazz
44394,Blues
70197,Anime
56304,Anime
86506,Hip-Hop
38665,Rap
35445,Jazz
37843,Electronic
36739,Jazz
37085,Rock
32762,Blues
46570,Blues
24334,Country
27609,Hip-Hop
24748,Classical
44270,Rock
71516,Rap
61853,Blues
37976,Anime
64340,Country
83980,Hip-Hop
21351,Jazz
74994,Hip-Hop
45754,Hip-Hop
25793,Blues
36911,Jazz
36950,Rap
62781,Anime
85873,Hip-Hop
50557,Electronic
66597,Classical
75632,Rock
48653,Jazz
23020,Jazz
25153,Alternative
67335,Jazz
53216,Hip-Hop
29536,Rap
85300,Rock
43981,Anime
20762,Jazz
48238,Country
88889,Alternative
36639,Electronic
81059,Rock
21208,Hip-Hop
70362,Jazz
45062,Rap
62347,Hip-Hop
28424,Hip-Hop
60307,Alternative
44660,Country
84173,Anime
58214,Jazz
32853,Jazz
65063,Country
39861,Rock
41054,Rap
28826,Rap
20700,Blues
30870,Jazz
82378,Hip-Hop
39245,Rap
63985,Hip-Hop
39490,Rap
34909,Jazz
67678,Hip-Hop
72731,Electronic
50954,Jazz
78108,Jazz
27297,Rock
56808,Country
33865,Anime
28331,Hip-Hop
88948,Hip-Hop
29152,Alternative
45256,Country
65950,Blues
86650,Alternative
59817,Rap
53167,Anime
70702,Rap
42880,Blues
72998,Blues
83458,Anime
60926,Rap
21534,Rap
65268,Rap
31123,Hip-Hop
70809,Country
79491,Anime
20050,Hip-Hop
58250,Jazz
50044,Jazz
44445,Alternative
46105,Anime
61118,Electronic
25902,Rap
91559,Country
90719,Alternative
89429,Country
59615,Jazz
50006,Country
47651,Hip-Hop
32453,Jazz
54844,Classical
36734,Alternative
83307,Classical
64429,Country
60702,Electronic
39647,Hip-Hop
64904,Country
28648,Blues
75806,Blues
26278,Electronic
57549,Hip-Hop
65748,Alternative
73287,Country
30513,Hip-Hop
56319,Jazz
48586,Alternative
35897,Hip-Hop
69808,Alternative
75701,Alternative
64931,Classical
28749,Classical
68085,Jazz
89365,Electronic
47092,Electronic
72589,Jazz
90877,Alternative
62628,Rap
33549,Classical
50672,Blues
80383,Classical
91327,Hip-Hop
39451,Country
76360,Hip-Hop
59693,Hip-Hop
65790,Classical
88908,Country
55460,Hip-Hop
39533,Hip-Hop
56296,Country
32597,Country
54946,Classical
60349,Rock
50325,Country
26165,Country
75418,Blues
91254,Blues
66757,Country
83366,Jazz
36271,Anime
80009,Rock
70441,Classical
85226,Country
37838,Anime
74749,Hip-Hop
46286,Rap
26352,Alternative
22369,Alternative
46769,Country
73482,Alternative
24409,Electronic
87623,Classical
31054,Electronic
89801,Rock
41337,Electronic
66708,Electronic
60854,Country
71518,Classical
30231,Rock
89498,Electronic
30153,Hip-Hop
20504,Alternative
44258,Blues
36508,Alternative
29016,Classical
80038,Hip-Hop
63643,Alternative
52593,Electronic
83218,Classical
71618,Alternative
69449,Classical
28736,Hip-Hop
27425,Hip-Hop
36324,Country
74771,Rock
87897,Country
73861,Rock
25424,Hip-Hop
54242,Country
33620,Jazz
48443,Country
88529,Anime
38694,Blues
77116,Jazz
85371,Rock
57871,Jazz
71531,Blues
54707,Rap
32146,Rock
49699,Hip-Hop
28707,Blues
90326,Country
32424,Rock
53209,Hip-Hop
61022,Country
71281,Anime
87600,Rock
43100,Hip-Hop
21584,Alternative
58841,Rap
61322,Rap
66682,Rock
22639,Rock
50109,Rap
79872,Hip-Hop
58299,Electronic
39094,Rap
34466,Country
38869,Country
36908,Classical
91518,Anime
62115,Country
29384,Blues
59611,Country
61491,Blues
23147,Hip-Hop
30948,Hip-Hop
43511,Alternative
21175,Rap
35495,Alternative
48154,Rock
69597,Rap
21375,Hip-Hop
47135,Alternative
42333,Country
50563,Country
39727,Jazz
34989,Country
65760,Electronic
63024,Country
48836,Electronic
49258,Anime
68066,Electronic
41451,Anime
71745,Classical
71414,Hip-Hop
31688,Country
36874,Jazz
91646,Rap
89729,Anime
71492,Alternative
77126,Hip-Hop
38280,Anime
35873,Jazz
79127,Classical
90018,Blues
59819,Anime
46900,Classical
89869,Alternative
61860,Anime
77794,Classical
69743,Electronic
68991,Country
55896,Jazz
85715,Jazz
69012,Country
48404,Rock
50194,Electronic
55689,Alternative
75017,Blues
66949,Country
69596,Blues
44215,Jazz
87064,Jazz
32990,Rock
61896,Jazz
32534,Hip-Hop
21287,Anime
57785,Blues
69474,Electronic
32686,Rap
21392,Rock
87431,Blues
56876,Hip-Hop
80862,Rock
35660,Classical
46173,Jazz
25275,Blues
41818,Alternative
82240,Jazz
29770,Anime
30593,Blues
62184,Rap
61474,Alternative
57731,Blues
44511,Rap
84714,Anime
74322,Classical
87299,Country
47272,Classical
80961,Electronic
41095,Country
83138,Electronic
80195,Electronic
32520,Anime
36565,Anime
81069,Hip-Hop
38263,Country
60573,Alternative
73251,Anime
73223,Blues
49690,Hip-Hop
58347,Anime
64887,Jazz
64824,Rap
28635,Alternative
32129,Alternative
70529,Rock
33939,Rap
22659,Hip-Hop
51398,Electronic
52703,Country
40584,Electronic
23830,Anime
73019,Classical
41083,Blues
31767,Jazz
55905,Jazz
88574,Country
66514,Rap
41032,Jazz
82239,Jazz
56038,Blues
29218,Rap
91686,Jazz
25177,Jazz
48155,Hip-Hop
88804,Country
73211,Alternative
40805,Rap
86809,Anime
21214,Jazz
65618,Rap
62265,Rap
39214,Hip-Hop
51039,Hip-Hop
41292,Jazz
60998,Electronic
22713,Anime
45200,Anime
52666,Jazz
42623,Rap
42649,Alternative
51723,Anime
39946,Rock
58554,Anime
20385,Country
89106,Classical
82693,Hip-Hop
62243,Country
65683,Hip-Hop
84762,Jazz
46640,Blues
43866,Jazz
82536,Jazz
39699,Country
82923,Rock
26668,Electronic
29203,Rap
68854,Hip-Hop
30818,Classical
60003,Rap
88193,Rock
58980,Country
52044,Anime
90483,Alternative
24201,Country
75702,Hip-Hop
88844,Electronic
32560,Country
27241,Alternative
28480,Hip-Hop
70631,Rock
80471,Hip-Hop
35781,Jazz
28251,Jazz
62855,Electronic
50596,Electronic
83949,Hip-Hop
25747,Hip-Hop
54341,Anime
57899,Rock
83119,Alternative
88078,Hip-Hop
65929,Rap
29425,Classical
32691,Blues
58804,Classical
68885,Country
36173,Rock
34995,Rock
55179,Blues
22818,Hip-Hop
40554,Alternative
79281,Rap
58255,Jazz
75178,Rap
70626,Hip-Hop
22408,Rock
73849,Rap
40768,Rock
38122,Blues
52829,Alternative
53234,Rock
24685,Rap
32082,Anime
44313,Hip-Hop
73314,Hip-Hop
51280,Classical
80357,Jazz
58645,Hip-Hop
80522,Anime
84573,Jazz
58853,Blues
56049,Classical
34458,Country
28618,Jazz
34633,Country
37348,Rap
83489,Rap
86886,Anime
25557,Blues
31045,Country
63983,Country
76288,Classical
62531,Classical
49461,Blues
39890,Electronic
68960,Rap
75277,Alternative
89518,Rock
60733,Hip-Hop
50910,Rock
49831,Country
70909,Electronic
56485,Jazz
78985,Anime
52442,Country
27760,Rock
74318,Rock
49962,Anime
51226,Rap
65290,Blues
77437,Alternative
61240,Jazz
55194,Blues
33890,Hip-Hop
42581,Hip-Hop
74264,Jazz
72032,Electronic
59407,Rock
67658,Rock
33446,Anime
45225,Classical
89135,Electronic
42364,Electronic
81128,Rap
30120,Rap
21045,Anime
31284,Country
84446,Alternative
56921,Alternative
91621,Classical
49328,Anime
36706,Alternative
53581,Rock
80310,Alternative
89906,Jazz
29103,Anime
28949,Country
67714,Jazz
42644,Classical
63433,Anime
29922,Classical
39228,Classical
71972,Rap
32972,Electronic
23022,Rock
55576,Jazz
85423,Blues
32013,Country
35045,Anime
78620,Hip-Hop
60033,Jazz
75144,Hip-Hop
27688,Blues
42540,Country
21297,Rap
79951,Alternative
68050,Electronic
76572,Classical
27090,Blues
89688,Anime
27128,Classical
72202,Electronic
40806,Anime
49697,Classical
70344,Classical
60864,Classical
51768,Hip-Hop
45003,Jazz
71778,Anime
76817,Rap
40828,Alternative
44993,Country
44122,Rap
74612,Rap
41430,Rock
62162,Country
45578,Jazz
57259,Electronic
71987,Classical
25035,Electronic
63280,Rap
53988,Hip-Hop
58493,Alternative
41325,Country
39872,Rock
51150,Classical
41960,Blues
37572,Classical
59880,Classical
42955,Electronic
63226,Hip-Hop
43752,Anime
84912,Jazz
34584,Jazz
34280,Country
20650,Jazz
41476,Anime
67393,Blues
35415,Anime
51305,Rap
82306,Rock
26513,Classical
58716,Country
66276,Electronic
60245,Classical
59328,Blues
22863,Blues
57943,Alternative
29311,Anime
59043,Rock
61733,Rap
78165,Hip-Hop
88027,Country
40034,Anime
83158,Classical
45652,Country
69537,Hip-Hop
21524,Rock
43765,Hip-Hop
74041,Jazz
31514,Rock
88188,Electronic
75416,Hip-Hop
62003,Rock
62409,Electronic
20730,Alternative
63126,Hip-Hop
24266,Blues
80172,Rock
32548,Electronic
35785,Blues
56518,Jazz
61035,Alternative
25859,Anime
75624,Jazz
37188,Blues
22453,Electronic
49074,Blues
67113,Electronic
40330,Alternative
41839,Blues
27832,Alternative
25689,Rap
60400,Country
28902,Blues
74814,Blues
49120,Electronic
90502,Alternative
67997,Blues
81866,Electronic
81427,Jazz
78819,Country
20477,Classical
81447,Hip-Hop
68166,Blues
42270,Rock
90570,Hip-Hop
90542,Alternative
59764,Alternative
63416,Jazz
32844,Electronic
66410,Blues
38754,Jazz
57397,Hip-Hop
24895,Rap
85111,Classical
76544,Hip-Hop
59796,Rap
57906,Electronic
52234,Hip-Hop
41978,Hip-Hop
33984,Rap
35863,Rap
49940,Blues
58146,Jazz
86592,Anime
87010,Country
50082,Anime
31016,Alternative
51211,Hip-Hop
43404,Anime
53777,Rock
27075,Hip-Hop
36087,Jazz
46731,Anime
80170,Hip-Hop
34274,Jazz
21972,Alternative
34193,Electronic
89697,Anime
33516,Hip-Hop
71984,Electronic
31581,Alternative
86868,Anime
78440,Alternative
72967,Country
45706,Alternative
25867,Country
57329,Country
61077,Electronic
68687,Country
48012,Country
78268,Country
32325,Country
66649,Jazz
36580,Jazz
33094,Country
42759,Alternative
56920,Rap
24377,Country
54721,Anime
32932,Rock
33976,Country
67296,Alternative
48292,Classical
65194,Country
43685,Anime
71453,Blues
24357,Country
76509,Country
73146,Alternative
34654,Electronic
88756,Rock
55131,Blues
22331,Anime
55189,Alternative
41996,Jazz
56430,Anime
26294,Anime
52392,Rock
59456,Country
38680,Classical
63857,Hip-Hop
40004,Alternative
29852,Classical
31781,Rap
47716,Rock
74334,Alternative
57109,Jazz
21404,Rock
80346,Blues
48346,Classical
81597,Rap
23446,Alternative
53351,Blues
63730,Blues
68865,Country
86740,Rock
86360,Hip-Hop
44153,Rock
28967,Anime
67912,Rock
65044,Hip-Hop
39209,Rap
27150,Hip-Hop
68180,Hip-Hop
84741,Hip-Hop
36164,Blues
30710,Anime
50010,Jazz
90435,Classical
62928,Rock
89102,Rap
51335,Country
22396,Rap
89024,Anime
51516,Blues
60897,Classical
56407,Rock
65190,Jazz
53706,Hip-Hop
63938,Hip-Hop
58256,Alternative
22997,Electronic
86901,Classical
43823,Alternative
32832,Anime
91240,Hip-Hop
77543,Hip-Hop
79967,Classical
66664,Country
76001,Jazz
48363,Classical
68234,Anime
50219,Electronic
27335,Rap
79807,Rock
65214,Rap
90138,Rap
35523,Jazz
53878,Country
85386,Blues
69341,Country
47052,Jazz
41980,Blues
86530,Classical
48403,Rap
86158,Hip-Hop
32292,Alternative
20251,Hip-Hop
82888,Blues
73344,Country
34938,Country
90679,Rap
84167,Alternative
33482,Hip-Hop
47724,Rap
41760,Blues
91293,Classical
87280,Classical
27568,Blues
66322,Hip-Hop
29710,Rap
76210,Blues
83465,Rock
70969,Hip-Hop
23052,Blues
83542,Rap
54250,Alternative
65362,Blues
68230,Alternative
65571,Classical
57178,Alternative
65921,Jazz
72369,Electronic
66530,Rock
42735,Blues
52922,Hip-Hop
84756,Blues
55667,Alternative
54671,Classical
23163,Jazz
89116,Hip-Hop
25226,Alternative
25514,Hip-Hop
39816,Hip-Hop
79494,Hip-Hop
88157,Rap
27590,Anime
39769,Rap
76919,Rock
80223,Alternative
83986,Rap
20077,Classical
36656,Rap
66168,Blues
43300,Electronic
82211,Anime
75999,Classical
78508,Hip-Hop
71489,Alternative
71218,Anime
28212,Blues
48445,Rock
83983,Blues
29630,Electronic
72235,Electronic
77711,Rap
40137,Classical
53588,Blues
80486,Alternative
89512,Electronic
32014,Anime
49756,Electronic
82181,Classical
51508,Jazz
44925,Electronic
55248,Classical
52077,Rock
67270,Country
20211,Alternative
42280,Anime
91078,Jazz
68915,Rap
91576,Classical
79384,Anime
59394,Country
32652,Hip-Hop
66332,Hip-Hop
28738,Electronic
46811,Alternative
81918,Electronic
39728,Rap
53188,Classical
45647,Hip-Hop
77005,Hip-Hop
50235,Anime
84467,Rap
34689,Anime
33413,Classical
37777,Rock
38112,Hip-Hop
39971,Anime
44529,Classical
90067,Jazz
22701,Jazz
64071,Rap
52358,Alternative
22444,Country
78680,Rap
21658,Country
31806,Country
80517,Alternative
89428,Blues
46423,Jazz
74810,Classical
57380,Alternative
44988,Country
72132,Rock
73412,Anime
23543,Electronic
83926,Classical
50443,Rap
63618,Classical
29575,Jazz
35290,Blues
81244,Country
66996,Hip-Hop
66164,Alternative
43048,Classical
37723,Anime
34795,Hip-Hop
66836,Alternative
45997,Rap
62738,Electronic
85064,Classical
88628,Jazz
67563,Country
80617,Blues
22112,Rap
40531,Electronic
29523,Jazz
39339,Jazz
28721,Country
27856,Rock
87132,Blues
68671,Rap
34218,Rap
25570,Hip-Hop
91208,Blues
91273,Jazz
37172,Country
51917,Anime
52930,Hip-Hop
40928,Country
24622,Blues
40701,Jazz
36222,Blues
40045,Jazz
78140,Jazz
72446,Electronic
28636,Rock
37015,Alternative
36651,Hip-Hop
63124,Anime
48152,Jazz
34429,Country
28681,Rock
29474,Electronic
89944,Jazz
86129,Electronic
46599,Country
62155,Electronic
87335,Blues
61171,Jazz
32943,Hip-Hop
38757,Rap
44364,Rap
27855,Anime
60574,Jazz
38936,Rap
68763,Anime
45378,Rock
81188,Electronic
89054,Blues
53559,Country
73731,Jazz
89558,Jazz
48274,Classical
25225,Rap
22518,Rap
84916,Rap
29594,Hip-Hop
23239,Electronic
53554,Rock
66534,Jazz
37969,Electronic
73774,Electronic
22220,Alternative
40142,Anime
56683,Hip-Hop
48348,Classical
63768,Classical
47008,Electronic
34512,Jazz
64560,Rock
67250,Blues
74484,Rock
32238,Electronic
50549,Anime
56824,Alternative
25193,Rap
71447,Electronic
23513,Blues
61791,Country
90318,Country
33750,Jazz
33576,Rap
83822,Jazz
67059,Hip-Hop
54637,Rap
76587,Blues
43742,Hip-Hop
81161,Blues
62118,Anime
47039,Anime
36556,Rock
66661,Rap
51908,Country
39416,Classical
35834,Alternative
37904,Electronic
68547,Jazz
34706,Rap
69564,Country
86895,Country
22541,Rap
48432,Hip-Hop
33590,Blues
74609,Classical
45206,Rap
39398,Jazz
35441,Rock
42883,Country
56521,Electronic
20031,Classical
27922,Rock
31429,Anime
67675,Country
34225,Blues
22397,Rock
48271,Anime
63410,Jazz
89985,Country
81154,Electronic
25091,Anime
62897,Classical
74112,Rap
45179,Blues
62591,Country
48609,Classical
26210,Classical
86058,Rap
80191,Blues
71912,Classical
24051,Anime
54012,Country
79149,Rock
40793,Electronic
36791,Country
55200,Electronic
86061,Hip-Hop
27947,Hip-Hop
53861,Jazz
21601,Anime
41414,Classical
30335,Jazz
27790,Anime
90932,Jazz
30792,Rap
86292,Alternative
43883,Jazz
89133,Jazz
70274,Classical
82154,Alternative
46577,Rock
49834,Electronic
72241,Rap
81227,Country
28530,Rap
44561,Classical
51941,Blues
59445,Electronic
31828,Blues
42703,Electronic
63039,Electronic
74872,Electronic
41405,Alternative
72432,Electronic
61270,Rock
64056,Classical
64788,Alternative
82668,Electronic
46958,Country
83646,Alternative
68911,Blues
21084,Alternative
70327,Classical
30022,Rap
54442,Classical
31599,Electronic
61315,Country
45069,Alternative
56172,Rap
35676,Country
32138,Classical
70269,Alternative
66648,Classical
45268,Country
28057,Anime
38688,Alternative
20690,Rap
58196,Blues
60862,Anime
25864,Hip-Hop
54680,Rap
78483,Blues
84319,Anime
34344,Anime
77857,Alternative
43662,Blues
38487,Rock
54861,Rap
79123,Electronic
54891,Electronic
74001,Hip-Hop
52987,Rock
74435,Anime
64730,Hip-Hop
23793,Classical
77927,Alternative
65704,Rap
51038,Rap
34414,Rap
84149,Rap
67845,Rap
39820,Hip-Hop
59343,Rock
30163,Rock
43191,Blues
74930,Electronic
21591,Rock
79559,Electronic
73392,Rock
20611,Anime
63898,Jazz
67194,Rap
23828,Electronic
55875,Electronic
58354,Country
32585,Anime
87781,Country
24531,Classical
61337,Rock
62039,Alternative
85785,Hip-Hop
28896,Hip-Hop
32301,Blues
21744,Hip-Hop
64431,Alternative
63290,Country
62761,Country
21236,Electronic
80601,Classical
48059,Country
68651,Anime
52893,Electronic
63344,Rap
88348,Classical
50494,Classical
63175,Anime
83342,Blues
65647,Rap
62977,Electronic
35008,Alternative
88470,Country
86877,Classical
43117,Anime
62569,Rock
88429,Blues
37958,Electronic
63799,Rock
50420,Blues
33097,Electronic
20739,Alternative
28900,Jazz
81423,Electronic
89331,Hip-Hop
63590,Rap
42101,Jazz
90798,Electronic
58739,Electronic
77699,Rock
60608,Classical
46009,Hip-Hop
54988,Rock
55499,Electronic
42911,Alternative
80398,Electronic
77068,Alternative
62645,Classical
59983,Rock
74349,Anime
80323,Country
82970,Jazz
20926,Electronic
62437,Rap
79764,Electronic
38308,Jazz
53963,Hip-Hop
50592,Alternative
85311,Jazz
41969,Anime
59087,Hip-Hop
44036,Classical
54103,Rap
39794,Country
53006,Country
65399,Classical
84837,Rap
46137,Rap
64516,Anime
87015,Hip-Hop
41840,Blues
38276,Electronic
73210,Classical
83610,Country
33568,Alternative
25865,Anime
77804,Rap
58644,Anime
47760,Anime
76515,Country
20598,Rock
67080,Anime
21044,Anime
41878,Country
70339,Anime
81317,Country
40320,Rock
28372,Blues
37076,Hip-Hop
79513,Country
25929,Anime
83183,Blues
25072,Anime
51366,Electronic
48004,Rock
50733,Blues
74818,Alternative
23036,Alternative
77046,Anime
67631,Classical
69578,Rock
82260,Blues
54231,Electronic
37268,Rock
37748,Electronic
40863,Electronic
80830,Classical
22789,Anime
71769,Rock
22402,Blues
67516,Rap
68538,Classical
71181,Hip-Hop
55865,Hip-Hop
88546,Country
51583,Classical
55071,Rock
86643,Rock
68228,Jazz
46539,Classical
51082,Rock
50715,Rap
33062,Jazz
83674,Jazz
32069,Country
53516,Classical
20808,Alternative
57473,Country
37012,Electronic
33598,Anime
46290,Country
55462,Electronic
53692,Blues
54765,Blues
55671,Country
70542,Anime
50500,Hip-Hop
70957,Rap
78301,Country
36970,Blues
54675,Electronic
78460,Country
50673,Classical
20515,Blues
32880,Hip-Hop
37120,Blues
55315,Anime
51810,Blues
25543,Rap
70256,Anime
90091,Electronic
90553,Jazz
62664,Alternative
74616,Jazz
65000,Blues
45710,Alternative
31774,Electronic
36172,Alternative
40134,Electronic
69469,Jazz
43542,Electronic
54455,Classical
50085,Jazz
85837,Hip-Hop
91213,Hip-Hop
41557,Blues
30880,Electronic
22850,Hip-Hop
85833,Rap
68489,Alternative
49497,Classical
49272,Electronic
73878,Rock
64304,Alternative
79435,Jazz
64740,Country
22224,Classical
85341,Anime
50156,Classical
35411,Jazz
88433,Classical
76598,Country
84534,Rap
84433,Blues
32719,Anime
28963,Blues
25571,Jazz
40547,Hip-Hop
71584,Classical
71867,Alternative
61358,Alternative
73165,Electronic
31652,Electronic
66206,Rock
41496,Alternative
47280,Blues
51806,Jazz
56318,Hip-Hop
33537,Classical
74123,Electronic
69136,Jazz
75526,Anime
44972,Hip-Hop
64735,Alternative
66355,Rap
32862,Electronic
49171,Rock
85903,Electronic
45016,Anime
25344,Anime
66840,Anime
88988,Classical
51531,Hip-Hop
41685,Electronic
74377,Anime
71074,Country
46651,Anime
65111,Country
53347,Classical
55695,Classical
56393,Hip-Hop
84644,Anime
60081,Anime
58080,Anime
28002,Electronic
54665,Anime
76820,Hip-Hop
78963,Classical
32479,Rap
76223,Alternative
76818,Electronic
72203,Country
88737,Rock
47513,Rock
66907,Anime
54000,Electronic
46311,Rock
39730,Classical
66981,Blues
25531,Rap
89181,Rap
59205,Jazz
88477,Rock
86758,Anime
72690,Alternative
46163,Rock
27047,Electronic
88103,Rap
69372,Jazz
46593,Rock
80036,Rap
81542,Electronic
76305,Electronic
42552,Country
74213,Anime
64197,Electronic
55235,Rap
63198,Blues
45971,Electronic
24519,Classical
32045,Hip-Hop
46841,Anime
87406,Anime
20938,Country
77493,Country
34505,Blues
50255,Electronic
68535,Rap
20931,Alternative
20587,Electronic
45843,Rock
37484,Blues
63707,Anime
79284,Country
75893,Hip-Hop
36723,Hip-Hop
84934,Blues
89370,Rock
26734,Alternative
60803,Blues
83778,Electronic
60936,Country
81234,Blues
74647,Electronic
87416,Jazz
89277,Rap
81045,Country
59083,Classical
50977,Classical
65227,Rap
37274,Country
29942,Alternative
28616,Hip-Hop
75097,Rap
46138,Rock
87716,Rap
63886,Electronic
75769,Anime
51747,Rap
75445,Rap
86036,Hip-Hop
50661,Electronic
23504,Jazz
70673,Rap
88261,Anime
30080,Rock
39922,Rap
86246,Rock
33481,Hip-Hop
20619,Rock
56867,Jazz
81167,Electronic
81583,Electronic
48197,Hip-Hop
51020,Classical
80697,Anime
39187,Jazz
85917,Rock
64378,Classical
71151,Electronic
51706,Jazz
63264,Electronic
38148,Electronic
37067,Rap
87309,Electronic
39925,Anime
49476,Hip-Hop
90918,Alternative
69478,Classical
77715,Hip-Hop
76516,Classical
32208,Alternative
77582,Anime
62375,Country
91527,Anime
21609,Anime
48099,Blues
65251,Rap
27999,Country
38394,Blues
48916,Rock
34450,Country
61107,Country
20784,Anime
34732,Alternative
70106,Rock
64279,Electronic
36621,Jazz
82985,Blues
60526,Rock
90706,Electronic
86153,Alternative
72869,Anime
54090,Electronic
75324,Classical
25574,Hip-Hop
36304,Blues
31673,Country
46208,Blues
91104,Blues
36130,Rap
41959,Alternative
39773,Rock
38981,Electronic
88463,Classical
85431,Classical
49452,Blues
82538,Country
81449,Jazz
82270,Rock
35273,Rock
20063,Classical
45162,Rock
75355,Hip-Hop
54077,Alternative
44202,Hip-Hop
83093,Hip-Hop
60288,Anime
76033,Alternative
30136,Hip-Hop
58732,Blues
60742,Rap
77212,Jazz
50677,Alternative
24565,Anime
88255,Hip-Hop
21425,Rap
76064,Rock
53539,Rock
54382,Anime
78603,Hip-Hop
69240,Anime
64236,Electronic
23998,Rock
34980,Classical
49288,Classical
74433,Jazz
42189,Hip-Hop
84897,Rock
86738,Anime
27641,Country
41635,Alternative
84233,Anime
84169,Rock
80592,Classical
71577,Hip-Hop
37669,Hip-Hop
51597,Hip-Hop
32985,Jazz
34547,Rap
81756,Blues
61688,Rap
43619,Hip-Hop
87511,Anime
48774,Anime
60910,Hip-Hop
26243,Rap
56892,Jazz
75498,Jazz
32774,Country
48988,Electronic
44196,Rap
74963,Anime
68646,Country
57522,Country
88711,Hip-Hop
59937,Electronic
57202,Alternative
90937,Classical
91193,Hip-Hop
71922,Hip-Hop
55650,Rock
70516,Classical
22765,Electronic
49054,Alternative
31985,Classical
60466,Rock
42813,Hip-Hop
30417,Anime
45469,Electronic
41765,Rap
33504,Hip-Hop
88285,Blues
39603,Anime
70056,Classical
39388,Alternative
26176,Rap
32389,Blues
31980,Anime
72832,Rock
76955,Hip-Hop
62072,Rap
32316,Rap
86921,Classical
59255,Blues
57649,Jazz
67238,Rap
29119,Alternative
53816,Electronic
80019,Classical
36785,Blues
78259,Classical
89764,Blues
48039,Blues
31446,Electronic
88175,Hip-Hop
55246,Hip-Hop
52157,Rap
57464,Anime
30733,Hip-Hop
59748,Rock
27309,Classical
52251,Classical
51734,Anime
90172,Jazz
33315,Alternative
62799,Jazz
73737,Rock
54772,Rap
40686,Rap
65422,Jazz
60673,Anime
40477,Country
79377,Rap
26102,Rock
48428,Rap
83858,Rock
20046,Alternative
49376,Hip-Hop
55039,Rap
90687,Blues
34408,Alternative
63800,Rap
57682,Blues
51949,Rap
62080,Rap
53983,Alternative
74652,Rap
31433,Jazz
42419,Country
72895,Rap
53758,Rock
36117,Electronic
66746,Hip-Hop
68635,Country
70758,Rock
22736,Classical
60930,Anime
73517,Anime
31782,Blues
55312,Hip-Hop
39170,Hip-Hop
74695,Hip-Hop
36777,Country
43780,Alternative
75944,Electronic
67459,Classical
73801,Classical
33538,Alternative
66232,Rock
45851,Blues
32236,Anime
78371,Hip-Hop
51069,Classical
32431,Rock
48550,Country
79484,Country
66846,Hip-Hop
34590,Rap
63427,Classical
33301,Blues
70849,Electronic
40284,Country
76200,Hip-Hop
26230,Anime
21545,Hip-Hop
86632,Blues
60089,Anime
20174,Rap
43442,Rap
65359,Blues
58376,Rap
32960,Electronic
83552,Alternative
68774,Blues
31926,Country
85850,Blues
32242,Electronic
74523,Jazz
50188,Rock
52709,Rock
70325,Hip-Hop
75031,Classical
76137,Rock
58522,Country
82027,Rock
83903,Anime
62271,Rap
57450,Classical
78994,Country
43909,Hip-Hop
30097,Country
55686,Hip-Hop
23831,Country
65220,Anime
85918,Rap
57303,Rock
71360,Jazz
24844,Electronic
91345,Hip-Hop
76160,Jazz
43584,Rock
54059,Hip-Hop
78523,Blues
39712,Hip-Hop
23173,Rock
34240,Rap
22291,Country
86869,Alternative
75641,Rap
23346,Rock
77047,Classical
57616,Hip-Hop
74993,Anime
41587,Alternative
21008,Classical
48453,Blues
22358,Anime
83666,Anime
23101,Blues
88750,Electronic
55614,Anime
45080,Anime
43768,Rap
50581,Rap
45356,Hip-Hop
35917,Blues
59672,Country
20418,Hip-Hop
38661,Country
62100,Rap
62802,Electronic
20320,Alternative
25220,Rock
49250,Classical
87448,Hip-Hop
27349,Hip-Hop
48259,Hip-Hop
44321,Anime
37518,Electronic
45982,Hip-Hop
40393,Classical
83287,Alternative
91677,Rap
35635,Rap
38614,Hip-Hop
64397,Alternative
46126,Anime
60059,Hip-Hop
84023,Jazz
27840,Jazz
52114,Hip-Hop
58718,Jazz
88037,Blues
71768,Alternative
33135,Country
24939,Electronic
87662,Country
24842,Electronic
32902,Electronic
84225,Blues
27723,Blues
51252,Alternative
49854,Jazz
51528,Hip-Hop
23156,Alternative
31779,Blues
66429,Electronic
67890,Blues
63632,Rock
23518,Classical
71748,Jazz
81954,Blues
57761,Alternative
60403,Hip-Hop
49932,Country
34976,Classical
41383,Anime
72167,Rock
29473,Hip-Hop
30694,Classical
65999,Country
22872,Hip-Hop
49961,Anime
72610,Anime
81239,Rock
47490,Blues
37139,Country
52579,Electronic
26965,Rock
65337,Blues
37847,Hip-Hop
67593,Anime
76528,Hip-Hop
88166,Blues
23651,Rock
49245,Hip-Hop
67252,Rock
61669,Anime
77976,Classical
23255,Anime
49922,Jazz
53534,Jazz
64527,Electronic
53960,Rock
30658,Anime
57302,Anime
25661,Jazz
89976,Hip-Hop
51240,Electronic
81310,Blues
29943,Electronic
73657,Country
31544,Country
84972,Blues
53461,Rock
64767,Anime
46904,Alternative
52280,Classical
68240,Electronic
22266,Electronic
25765,Country
77686,Electronic
91569,Classical
66704,Alternative
65270,Blues
76604,Anime
47577,Blues
87311,Rock
27070,Rap
48793,Hip-Hop
87853,Rap
58324,Country
85010,Jazz
38771,Jazz
23706,Country
69287,Alternative
79139,Jazz
81566,Alternative
84744,Rap
84870,Rap
56903,Alternative
31722,Jazz
45600,Hip-Hop
54606,Classical
40209,Rap
73823,Alternative
74571,Alternative
33019,Hip-Hop
29348,Rock
35043,Anime
30086,Alternative
73229,Classical
49559,Country
81469,Hip-Hop
26435,Blues
74150,Jazz
47076,Classical
59955,Country
53156,Anime
88313,Electronic
58814,Rock
52731,Classical
41863,Rap
73776,Alternative
56583,Alternative
29653,Electronic
27580,Rap
51010,Rap
72491,Rock
87495,Rock
44304,Hip-Hop
67276,Jazz
46781,Classical
64054,Classical
84459,Rap
53061,Rap
23484,Country
36122,Alternative
46287,Blues
33247,Country
90592,Jazz
67542,Rap
24432,Blues
73104,Classical
56045,Rap
57420,Hip-Hop
80926,Rock
82554,Rock
79028,Hip-Hop
84840,Anime
51323,Anime
49998,Country
78118,Anime
69848,Blues
88690,Country
32843,Rap
74018,Anime
57555,Blues
23673,Classical
37520,Jazz
22236,Anime
63217,Alternative
30664,Rock
87108,Rap
79353,Anime
42888,Classical
45192,Electronic
25754,Electronic
87241,Alternative
29524,Rap
82547,Rap
90315,Rap
67111,Blues
74792,Electronic
44433,Jazz
39312,Rock
86752,Alternative
23485,Rock
69502,Anime
28761,Alternative
58163,Anime
32043,Electronic
33721,Country
31770,Hip-Hop
29685,Country
90247,Anime
40372,Country
53275,Alternative
85078,Electronic
37269,Country
74532,Classical
26366,Classical
22158,Classical
21794,Rock
55632,Rap
60659,Country
76749,Anime
34370,Anime
65429,Anime
49098,Hip-Hop
81155,Blues
50933,Hip-Hop
70700,Electronic
55113,Rap
43635,Rock
68322,Classical
24234,Alternative
37507,Alternative
27547,Alternative
48217,Alternative
54252,Rock
56408,Alternative
35782,Hip-Hop
88239,Country
83304,Classical
46394,Rock
54454,Hip-Hop
20676,Alternative
37089,Electronic
89219,Anime
57933,Rap
22135,Alternative
34902,Blues
60016,Anime
74766,Electronic
47348,Alternative
56803,Rap
61738,Rap
21003,Alternative
41180,Electronic
90984,Jazz
27170,Blues
43374,Rap
62777,Hip-Hop
64216,Classical
24114,Jazz
34156,Country
40347,Rap
49913,Anime
46434,Classical
53066,Alternative
56423,Jazz
53653,Classical
24883,Anime
89554,Electronic
65967,Electronic
66614,Electronic
78132,Anime
46437,Country
61482,Rock
53142,Classical
82463,Classical
39386,Country
40169,Hip-Hop
38074,Rock
45281,Jazz
54873,Blues
53531,Alternative
40110,Country
40174,Blues
38116,Rap
23972,Jazz
67050,Classical
73544,Alternative
71460,Rap
58035,Rock
53568,Rap
27319,Alternative
41508,Rock
42934,Rock
35487,Rap
48977,Country
73300,Anime
66060,Jazz
64628,Classical
78613,Rap
58843,Classical
71611,Hip-Hop
24597,Rap
59776,Classical
71780,Jazz
70031,Anime
61892,Classical
59982,Anime
20265,Jazz
48006,Blues
41194,Anime
60640,Rock
88272,Anime
37217,Alternative
49694,Anime
28822,Alternative
91064,Blues
25911,Rock
21924,Electronic
29296,Rap
40395,Alternative
43197,Blues
67195,Country
53104,Rock
49862,Alternative
22069,Anime
65076,Hip-Hop
38955,Country
68338,Rap
49396,Classical
51469,Electronic
52716,Classical
56268,Blues
24143,Blues
37807,Blues
84442,Jazz
28695,Rock
58786,Electronic
71068,Electronic
20528,Rock
29157,Jazz
65962,Jazz
39107,Electronic
39649,Hip-Hop
87913,Hip-Hop
83131,Blues
77824,Country
74708,Electronic
21238,Electronic
60166,Electronic
27773,Classical
88047,Rock
77238,Hip-Hop
69097,Country
88817,Classical
44965,Country
85310,Rock
41905,Rock
68709,Hip-Hop
56695,Jazz
76391,Alternative
86076,Jazz
23283,Electronic
86649,Blues
67707,Rock
83902,Classical
29535,Classical
59238,Hip-Hop
36277,Rap
81219,Classical
53408,Country
42487,Alternative
27762,Hip-Hop
55470,Anime
38695,Rock
86422,Alternative
86520,Blues
82696,Anime
42947,Alternative
72726,Classical
58734,Country
24001,Rap
76819,Country
67349,Rock
84139,Jazz
22499,Alternative
39965,Rap
26177,Rock
78715,Country
73135,Rock
29573,Country
82048,Rap
77511,Classical
42421,Jazz
30592,Anime
60193,Alternative
48554,Rock
36913,Electronic
27637,Country
91632,Country
88879,Jazz
31538,Alternative
74021,Alternative
24142,Hip-Hop
40907,Blues
25333,Anime
26021,Rap
48815,Rap
24366,Anime
80764,Rap
37492,Hip-Hop
63000,Country
89716,Anime
23175,Alternative
20275,Anime
51253,Alternative
43052,Jazz
50395,Country
66235,Classical
81684,Blues
89652,Alternative
25521,Classical
75775,Electronic
56587,Blues
86281,Country
55996,Hip-Hop
87110,Blues
65893,Rock
56886,Jazz
45556,Jazz
34141,Alternative
31963,Blues
68212,Hip-Hop
20624,Rock
82456,Blues
82891,Electronic
50086,Alternative
88093,Electronic
33896,Anime
46256,Classical
67093,Blues
59347,Classical
52840,Electronic
76025,Rap
76499,Anime
66894,Rock
40794,Hip-Hop
53098,Jazz
51897,Jazz
34917,Blues
68600,Electronic
73783,Hip-Hop
68758,Anime
50725,Rap
23584,Rock
28533,Country
89916,Electronic
83816,Rock
73939,Anime
86954,Classical
33098,Hip-Hop
36957,Blues
59203,Anime
55119,Jazz
38233,Rap
31303,Classical
70354,Alternative
85042,Rap
31242,Hip-Hop
82718,Rap
50598,Hip-Hop
42870,Rap
38078,Rock
48881,Alternative
32024,Alternative
47415,Blues
37730,Anime
36921,Rock
76915,Jazz
57139,Classical
21974,Country
61602,Anime
87266,Alternative
91578,Classical
70967,Rock
71812,Jazz
56132,Blues
44781,Classical
81985,Hip-Hop
49506,Blues
81606,Alternative
51096,Classical
89253,Rock
57088,Classical
74511,Country
23198,Rap
64506,Anime
58722,Blues
44106,Country
83035,Country
68494,Rap
22431,Electronic
69369,Anime
36680,Blues
37517,Anime
32244,Rap
70514,Country
78324,Classical
47521,Country
28273,Country
83948,Classical
68100,Jazz
50484,Alternative
77619,Rock
40511,Classical
68921,Electronic
41945,Classical
55244,Electronic
44111,Anime
22994,Electronic
53711,Hip-Hop
20473,Electronic
71419,Electronic
30352,Anime
42803,Electronic
24072,Alternative
42329,Rap
34582,Classical
58965,Rap
75206,Rap
46946,Blues
25919,Alternative
88421,Electronic
57431,Anime
27720,Rock
80647,Anime
89681,Country
51916,Rap
87908,Anime
30859,Rock
87573,Electronic
72969,Country
24194,Hip-Hop
68428,Alternative
36501,Classical
63037,Electronic
34922,Hip-Hop
54586,Rock
30449,Country
29544,Hip-Hop
75887,Hip-Hop
56002,Jazz
48904,Electronic
83066,Country
23612,Country
62015,Rock
80705,Alternative
81052,Classical
39477,Jazz
74029,Electronic
56978,Electronic
71954,Blues
69971,Country
65581,Blues
44653,Country
64846,Anime
44933,Alternative
33769,Classical
26726,Alternative
81633,Rap
69689,Blues
60663,Rock
64109,Hip-Hop
85721,Jazz
65187,Hip-Hop
84436,Classical
69959,Electronic
40740,Jazz
65959,Rap
77108,Anime
79394,Country
35141,Anime
29835,Rock
44010,Blues
56635,Classical
90145,Hip-Hop
70227,Anime
71232,Classical
58021,Jazz
58913,Classical
64890,Electronic
36541,Jazz
69839,Anime
36933,Rock
60324,Blues
29320,Country
40332,Electronic
88355,Alternative
83085,Hip-Hop
56076,Rock
40595,Blues
86139,Country
26438,Anime
34852,Electronic
80841,Blues
90683,Blues
60390,Blues
80464,Country
54325,Alternative
22936,Rock
80767,Anime
84186,Alternative
32077,Alternative
48949,Rock
80580,Blues
56550,Jazz
78512,Alternative
55937,Rock
23327,Classical
78356,Anime
90942,Anime
81342,Classical
62745,Anime
85455,Jazz
72602,Blues
53100,Hip-Hop
64711,Rap
56419,Electronic
84049,Hip-Hop
52632,Rock
33415,Jazz
35376,Hip-Hop
75722,Rock
55642,Rap
22262,Hip-Hop
30848,Alternative
58098,Hip-Hop
67153,Rap
47033,Alternative
42034,Country
63179,Anime
52343,Anime
46118,Country
73395,Alternative
56125,Blues
50015,Alternative
55704,Alternative
20241,Jazz
25098,Classical
91676,Classical
49556,Rap
54874,Electronic
42665,Classical
59925,Jazz
73734,Jazz
66346,Blues
31075,Electronic
61771,Electronic
85763,Rap
47109,Rock
61495,Classical
33293,Electronic
31801,Country
78423,Hip-Hop
64427,Rock
46851,Country
23233,Country
24466,Anime
69195,Anime
66588,Jazz
43488,Classical
50651,Blues
71893,Rock
42846,Blues
86287,Country
73683,Jazz
89536,Jazz
36855,Hip-Hop
33240,Classical
68314,Jazz
35705,Rock
91672,Blues
75902,Hip-Hop
63924,Hip-Hop
91136,Classical
51578,Blues
31804,Rap
52573,Country
75864,Alternative
22034,Classical
42639,Alternative
48583,Rock
35483,Jazz
35632,Jazz
52031,Jazz
87952,Hip-Hop
82808,Rap
69390,Hip-Hop
78999,Hip-Hop
83389,Alternative
74104,Country
41249,Anime
89922,Anime
74596,Hip-Hop
35909,Electronic
23853,Jazz
69032,Anime
41817,Electronic
48778,Hip-Hop
68422,Country
50565,Blues
55605,Anime
29469,Country
48125,Country
63223,Electronic
81700,Rock
35612,Blues
48312,Country
20416,Rap
37533,Jazz
25117,Jazz
27234,Rock
24391,Hip-Hop
72707,Anime
22697,Electronic
56983,Country
24799,Electronic
60582,Rock
74776,Rap
61061,Electronic
52478,Jazz
27545,Hip-Hop
57525,Alternative
90910,Rap
21486,Hip-Hop
79507,Country
90593,Jazz
49682,Classical
78202,Alternative
83279,Anime
25721,Blues
40700,Anime
58603,Classical
33961,Classical
38346,Rap
85589,Hip-Hop
50792,Blues
29803,Alternative
91412,Anime
68103,Alternative
33530,Blues
25469,Rap
62616,Classical
53290,Country
76727,Hip-Hop
76881,Rap
91049,Jazz
50428,Country
80099,Rock
29115,Alternative
55743,Rap
44045,Anime
49698,Alternative
66318,Electronic
83270,Jazz
34088,Jazz
39222,Blues
53412,Country
60512,Anime
42399,Jazz
32616,Electronic
91488,Rock
50449,Alternative
77966,Rock
88695,Rap
26355,Electronic
78599,Anime
62316,Alternative
28843,Electronic
71375,Blues
46867,Rap
79622,Hip-Hop
84681,Blues
22731,Electronic
26289,Hip-Hop
52642,Blues
73313,Anime
72417,Jazz
75671,Classical
89501,Rock
40058,Blues
87535,Classical
48166,Classical
32018,Anime
77798,Classical
28691,Country
47114,Rock
83637,Blues
35692,Country
38993,Alternative
39197,Alternative
68879,Rap
34180,Alternative
83437,Country
71410,Blues
32954,Country
85906,Electronic
47579,Jazz
55291,Alternative
49779,Rap
31395,Classical
46894,Jazz
82268,Country
66952,Blues
44443,Hip-Hop
24037,Classical
77455,Classical
63170,Electronic
58698,Rap
21834,Alternative
76191,Anime
50210,Alternative
81941,Hip-Hop
67547,Classical
26757,Alternative
39514,Rock
83008,Hip-Hop
50613,Country
34924,Electronic
54490,Classical
65388,Jazz
66830,Hip-Hop
72593,Rock
35235,Hip-Hop
91279,Rap
69692,Rock
76571,Hip-Hop
53822,Blues
82133,Anime
77350,Blues
22284,Anime
87983,Country
75466,Country
30767,Rock
51816,Rock
60344,Classical
34697,Hip-Hop
50532,Alternative
26255,Blues
67924,Electronic
79778,Country
47986,Hip-Hop
